{"mean":{"confidence_interval":{"confidence_level":0.95,"lower_bound":0.029589372993518832,"upper_bound":0.03221225399868178},"point_estimate":0.031039297964906343,"standard_error":0.0006729211694168348},"median":{"confidence_interval":{"confidence_level":0.95,"lower_bound":0.032035927063587044,"upper_bound":0.03259416530061996},"point_estimate":0.032318415032507986,"standard_error":0.00014549312654504846}}