{"mean":{"confidence_interval":{"confidence_level":0.95,"lower_bound":-0.0016325697473267063,"upper_bound":0.0029274231960505492},"point_estimate":0.00025541983563615034,"standard_error":0.0011738320706106181},"median":{"confidence_interval":{"confidence_level":0.95,"lower_bound":-0.0003896300512843398,"upper_bound":0.00034054078678298876},"point_estimate":-0.000029650951356874344,"standard_error":0.0001999514542640554}}