{"mean":{"confidence_interval":{"confidence_level":0.95,"lower_bound":0.0038247829532007064,"upper_bound":0.008532482192151756},"point_estimate":0.005948529205070496,"standard_error":0.001229903078646004},"median":{"confidence_interval":{"confidence_level":0.95,"lower_bound":0.0036402603897596197,"upper_bound":0.005857700304554347},"point_estimate":0.004926361626581555,"standard_error":0.0005779729625165541}}