{"mean":{"confidence_interval":{"confidence_level":0.95,"lower_bound":0.0033010094777092824,"upper_bound":0.007123172118095977},"point_estimate":0.005192883980966068,"standard_error":0.000980996714330725},"median":{"confidence_interval":{"confidence_level":0.95,"lower_bound":0.0014225346528145,"upper_bound":0.0047618284317691995},"point_estimate":0.0035528441322827398,"standard_error":0.0009534792379597005}}