{"mean":{"confidence_interval":{"confidence_level":0.95,"lower_bound":-0.4152674681092474,"upper_bound":-0.41387513570492873},"point_estimate":-0.41457688293116224,"standard_error":0.00035470914455267645},"median":{"confidence_interval":{"confidence_level":0.95,"lower_bound":-0.41590887845693303,"upper_bound":-0.4145109148974282},"point_estimate":-0.4149505139921703,"standard_error":0.0003927830267477211}}