{"mean":{"confidence_interval":{"confidence_level":0.95,"lower_bound":0.004999275028719031,"upper_bound":0.006533715407369427},"point_estimate":0.0057621680081592075,"standard_error":0.0003910484796868634},"median":{"confidence_interval":{"confidence_level":0.95,"lower_bound":0.005187526898503986,"upper_bound":0.005698453900241818},"point_estimate":0.005397968236731554,"standard_error":0.00013110619090853044}}