{"mean":{"confidence_interval":{"confidence_level":0.95,"lower_bound":4496.449482072799,"upper_bound":4506.252662579219},"point_estimate":4501.187721909359,"standard_error":2.5063732033438577},"median":{"confidence_interval":{"confidence_level":0.95,"lower_bound":4487.9010930277345,"upper_bound":4492.010262784091},"point_estimate":4488.701016113516,"standard_error":0.9974632605326815},"median_abs_dev":{"confidence_interval":{"confidence_level":0.95,"lower_bound":5.983887456886241,"upper_bound":16.440263135522457},"point_estimate":9.153424917832604,"standard_error":2.579224981028307},"slope":{"confidence_interval":{"confidence_level":0.95,"lower_bound":4501.75351376252,"upper_bound":4515.642945359054},"point_estimate":4508.812315219581,"standard_error":3.544458883488134},"std_dev":{"confidence_interval":{"confidence_level":0.95,"lower_bound":19.617823964955726,"upper_bound":30.65501075048194},"point_estimate":25.198633712826204,"standard_error":2.8477821670598606}}